DISTRICT,DISTNAME,District Number,District Name
100903,KOUNTZE ISD,100903,Kountze ISD
100904,SILSBEE ISD,100904,Silsbee ISD
100905,HARDIN-JEFFERSON ISD,100905,Hardin-Jefferson ISD
100907,LUMBERTON ISD,100907,Lumberton ISD
100908,WEST HARDIN COUNTY CISD,100908,West Hardin County CISD
101801,MEDICAL CENTER CHARTER SCHOOL,101801,Medical Center Charter School (C)
101802,SER-NINOS CHARTER SCHOOL,101802,Ser-Ninos Charter School (C)
101803,ARISTOI CLASSICAL ACADEMY,101803,West Houston Charter School (C)
101804,GEORGE I SANCHEZ CHARTER,101804,George I Sanchez Charter (C)
101805,GIRLS & BOYS PREPARATORY ACADEMY,101805,Girls & Boys Prep Academy (C)
101806,RAUL YZAGUIRRE SCHOOL FOR SUCCESS,101806,Raul Yzaguirre School For Success (C)
101807,UNIVERSITY OF HOUSTON CHARTER SCHO,101807,University Of Houston Charter School (C)
101809,BAY AREA CHARTER INC,101809,Bay Area Charter Inc (C)
101810,ACADEMY OF ACCELERATED LEARNING IN,101810,Academy Of Accelerated Learning Inc (C)
101811,EXCEL ACADEMY,101811,Excel Academy (C)
101813,KIPP INC CHARTER,101813,KIPP Inc Charter (C)
101814,THE VARNETT PUBLIC SCHOOL,101814,The Varnett Public School (C)
101815,ALIEF MONTESSORI COMMUNITY SCHOOL,101815,Alief Montessori Community School (C)
101819,AMIGOS POR VIDA-FRIENDS FOR LIFE P,101819,Amigos Por Vida-Friends For Life Public Charter School (C)
101821,HOUSTON HEIGHTS HIGH SCHOOL,101821,Houston Heights High School (C)
101822,JAMIE'S HOUSE CHARTER SCHOOL,101822,Jamie's House Charter School (C)
101828,HOUSTON GATEWAY ACADEMY INC,101828,Houston Gateway Academy Inc (C)
101829,HOUSTON HEIGHTS LEARNING ACADEMY I,101829,Houston Heights Learning Academy Inc (C)
101833,LA AMISTAD LOVE & LEARNING ACADEMY,101833,La Amistad Love & Learning Academy (C)
101837,CALVIN NELMS CHARTER SCHOOLS,101837,Calvin Nelms Charter Schools (C)
101838,SOUTHWEST SCHOOL,101838,Southwest School (C)
101840,TWO DIMENSIONS PREPARATORY ACADEMY,101840,Two Dimensions Preparatory Academy (C)
101842,COMQUEST ACADEMY,101842,Comquest Academy (C)
101845,YES PREP PUBLIC SCHOOLS INC,101845,Yes Preparatory Public Schools (C)
101846,HARMONY SCIENCE ACADEMY,101846,Harmony Science Academy (Houston) (C)
101847,BEATRICE MAYES INSTITUTE CHARTER S,101847,Beatrice Mayes Institute Charter School (C)
101848,NORTHWEST PREPARATORY,101848,Northwest Preparatory (C)
101849,ACCELERATED INTERMEDIATE ACADEMY,101849,Accelerated Intermediate Academy (C)
101850,ZOE LEARNING ACADEMY,101850,Zoe Learning Academy (C)
101853,PROMISE COMMUNITY SCHOOL,101853,Ripley House Charter School (C)
101854,RICHARD MILBURN ACADEMY (SUBURBAN,101854,Richard Milburn Academy (Suburban Houston) (C)
101855,MEYERPARK ELEMENTARY,101855,Meyerpark Elementary (C)
101856,DRAW ACADEMY,101856,Draw Academy (C)
101858,HARMONY SCHOOL OF EXCELLENCE,101858,Harmony School Of Excellence (C)
101859,STEPPING STONES CHARTER EL,101859,Stepping Stones Charter Elementary (C)
101861,THE RHODES SCHOOL,101861,The Rhodes School (C)
101862,HARMONY SCHOOL OF SCIENCE - HOUSTO,101862,Harmony School Of Science (Houston) (C)
101863,KOINONIA COMMUNITY LEARNING ACADEM,101863,Koinonia Community Learning Academy (C)
101864,WALIPP-TSU PREPARATORY ACADEMY,101864,Walipp-Tsu Preparatory Academy
101865,VICTORY PREP,101865,Victory Prep
101866,GLOBAL LEARNING VILLAGE,101866,Global Learning Village
101867,FALLBROOK COLLEGE PREPARATORY ACAD,101867,Fallbrook College Preparatory Acad
101868,THE PRO-VISION ACADEMY,101868,The Pro-Vision Academy
101869,C O R E ACADEMY,101869,C O R E Academy
101902,ALDINE ISD,101902,Aldine ISD
101903,ALIEF ISD,101903,Alief ISD
101905,CHANNELVIEW ISD,101905,Channelview ISD
101906,CROSBY ISD,101906,Crosby ISD
101907,CYPRESS-FAIRBANKS ISD,101907,Cypress-Fairbanks ISD
101908,DEER PARK ISD,101908,Deer Park ISD
101910,GALENA PARK ISD,101910,Galena Park ISD
101911,GOOSE CREEK CISD,101911,Goose Creek CISD
101912,HOUSTON ISD,101912,Houston ISD
101913,HUMBLE ISD,101913,Humble ISD
101914,KATY ISD,101914,Katy ISD
101915,KLEIN ISD,101915,Klein ISD
101916,LA PORTE ISD,101916,La Porte ISD
101917,PASADENA ISD,101917,Pasadena ISD
101919,SPRING ISD,101919,Spring ISD
101920,SPRING BRANCH ISD,101920,Spring Branch ISD
101921,TOMBALL ISD,101921,Tomball ISD
101924,SHELDON ISD,101924,Sheldon ISD
101925,HUFFMAN ISD,101925,Huffman ISD
102901,KARNACK ISD,102901,Karnack ISD
102902,MARSHALL ISD,102902,Marshall ISD
102903,WASKOM ISD,102903,Waskom ISD
102904,HALLSVILLE ISD,102904,Hallsville ISD
102905,HARLETON ISD,102905,Harleton ISD
102906,ELYSIAN FIELDS ISD,102906,Elysian Fields ISD
103901,CHANNING ISD,103901,Channing ISD
103902,HARTLEY ISD,103902,Hartley ISD
104901,HASKELL CISD,104901,Haskell CISD
104903,RULE ISD,104903,Rule ISD
104907,PAINT CREEK ISD,104907,Paint Creek ISD
105801,KATHERINE ANNE PORTER SCHOOL,105801,Katherine Anne Porter School (C)
105802,TEXAS PREPARATORY SCHOOL,105802,Texas Preparatory School (C)
105902,SAN MARCOS CISD,105902,San Marcos CISD
105904,DRIPPING SPRINGS ISD,105904,Dripping Springs ISD
105905,WIMBERLEY ISD,105905,Wimberley ISD
105906,HAYS CISD,105906,Hays CISD
106901,CANADIAN ISD,106901,Canadian ISD
107901,ATHENS ISD,107901,Athens ISD
107902,BROWNSBORO ISD,107902,Brownsboro ISD
107904,CROSS ROADS ISD,107904,Cross Roads ISD
107905,EUSTACE ISD,107905,Eustace ISD
107906,MALAKOFF ISD,107906,Malakoff ISD
107907,TRINIDAD ISD,107907,Trinidad ISD
107908,MURCHISON ISD,107908,Murchison ISD
107910,LAPOYNOR ISD,107910,Lapoynor ISD
108801,IGNITE PUBLIC SCHOOLS AND COMMUNIT,108801,One Stop Multiservice Charter School (C)
108802,SOUTH TEXAS EDUCATIONAL TECHNOLOGI,108802,Technology Education Charter High (C)
108804,MIDVALLEY ACADEMY CHARTER DISTRICT,108804,Mid-Valley Academy (C)
108807,IDEA PUBLIC SCHOOLS,108807,Idea Public Schools (C)
108808,VANGUARD ACADEMY,108808,Vanguard Academy (C)
108809,EXCELLENCE IN LEADERSHIP ACADEMY,108809,Excellence In Leadership Academy
108902,DONNA ISD,108902,Donna ISD
108903,EDCOUCH-ELSA ISD,108903,Edcouch-Elsa ISD
108904,EDINBURG CISD,108904,Edinburg CISD
108905,HIDALGO ISD,108905,Hidalgo ISD
108906,MCALLEN ISD,108906,McAllen ISD
108907,MERCEDES ISD,108907,Mercedes ISD
108908,MISSION CISD,108908,Mission CISD
108909,PHARR-SAN JUAN-ALAMO ISD,108909,Pharr-San Juan-Alamo ISD
108910,PROGRESO ISD,108910,Progreso ISD
108911,SHARYLAND ISD,108911,Sharyland ISD
108912,LA JOYA ISD,108912,La Joya ISD
108913,WESLACO ISD,108913,Weslaco ISD
108914,LA VILLA ISD,108914,La Villa ISD
108915,MONTE ALTO ISD,108915,Monte Alto ISD
108916,VALLEY VIEW ISD,108916,Valley View ISD
109901,ABBOTT ISD,109901,Abbott ISD
109902,BYNUM ISD,109902,Bynum ISD
109903,COVINGTON ISD,109903,Covington ISD
109904,HILLSBORO ISD,109904,Hillsboro ISD
109905,HUBBARD ISD,109905,Hubbard ISD
109907,ITASCA ISD,109907,Itasca ISD
109908,MALONE ISD,109908,Malone ISD
109910,MOUNT CALM ISD,109910,Mount Calm ISD
109911,WHITNEY ISD,109911,Whitney ISD
109912,AQUILLA ISD,109912,Aquilla ISD
109913,BLUM ISD,109913,Blum ISD
109914,PENELOPE ISD,109914,Penelope ISD
110901,ANTON ISD,110901,Anton ISD
110902,LEVELLAND ISD,110902,Levelland ISD
110905,ROPES ISD,110905,Ropes ISD
110906,SMYER ISD,110906,Smyer ISD
110907,SUNDOWN ISD,110907,Sundown ISD
110908,WHITHARRAL ISD,110908,Whitharral ISD
111901,GRANBURY ISD,111901,Granbury ISD
111902,LIPAN ISD,111902,Lipan ISD
111903,TOLAR ISD,111903,Tolar ISD
112901,SULPHUR SPRINGS ISD,112901,Sulphur Springs ISD
112905,CUMBY ISD,112905,Cumby ISD
112906,NORTH HOPKINS ISD,112906,North Hopkins ISD
112907,MILLER GROVE ISD,112907,Miller Grove ISD
112908,COMO-PICKTON CISD,112908,Como-Pickton CISD
112909,SALTILLO ISD,112909,Saltillo ISD
112910,SULPHUR BLUFF ISD,112910,Sulphur Bluff ISD
113901,CROCKETT ISD,113901,Crockett ISD
113902,GRAPELAND ISD,113902,Grapeland ISD
113903,LOVELADY ISD,113903,Lovelady ISD
113905,LATEXO ISD,113905,Latexo ISD
113906,KENNARD ISD,113906,Kennard ISD
114901,BIG SPRING ISD,114901,Big Spring ISD
114902,COAHOMA ISD,114902,Coahoma ISD
114904,FORSAN ISD,114904,Forsan ISD
115901,FT HANCOCK ISD,115901,Fort Hancock ISD
115902,SIERRA BLANCA ISD,115902,Sierra Blanca ISD
115903,DELL CITY ISD,115903,Dell City ISD
116801,PHOENIX CHARTER SCHOOL,116801,Phoenix Charter School (C)
116901,CADDO MILLS ISD,116901,Caddo Mills ISD
116902,CELESTE ISD,116902,Celeste ISD
116903,COMMERCE ISD,116903,Commerce ISD
116905,GREENVILLE ISD,116905,Greenville ISD
116906,LONE OAK ISD,116906,Lone Oak ISD
116908,QUINLAN ISD,116908,Quinlan ISD
116909,WOLFE CITY ISD,116909,Wolfe City ISD
116910,CAMPBELL ISD,116910,Campbell ISD
116915,BLAND ISD,116915,Bland ISD
116916,BOLES ISD,116916,Boles ISD
117901,BORGER ISD,117901,Borger ISD
117903,SANFORD-FRITCH ISD,117903,Sanford-Fritch ISD
117904,PLEMONS-STINNETT-PHILLIPS CISD,117904,Plemons-Stinnett-Phillips CISD
117907,SPRING CREEK ISD,117907,Spring Creek ISD
118902,IRION COUNTY ISD,118902,Irion County ISD
119901,BRYSON ISD,119901,Bryson ISD
119902,JACKSBORO ISD,119902,Jacksboro ISD
119903,PERRIN-WHITT CISD,119903,Perrin-Whitt CISD
120901,EDNA ISD,120901,Edna ISD
120902,GANADO ISD,120902,Ganado ISD
120905,INDUSTRIAL ISD,120905,Industrial ISD
121902,BROOKELAND ISD,121902,Brookeland ISD
121903,BUNA ISD,121903,Buna ISD
121904,JASPER ISD,121904,Jasper ISD
121905,KIRBYVILLE CISD,121905,Kirbyville CISD
121906,EVADALE ISD,121906,Evadale ISD
122901,FT DAVIS ISD,122901,Fort Davis ISD
122902,VALENTINE ISD,122902,Valentine ISD
123803,TEKOA ACADEMY OF ACCELERATED STUDI,123803,Tekoa Academy Of Accelerated Studies (C)
123805,EHRHART SCHOOL,123805,Ehrhart School (C)
123807,BOB HOPE SCHOOL,123807,Bob Hope School (C)
123905,NEDERLAND ISD,123905,Nederland ISD
123907,PORT ARTHUR ISD,123907,Port Arthur ISD
123908,PORT NECHES-GROVES ISD,123908,Port Neches-Groves ISD
123910,BEAUMONT ISD,123910,Beaumont ISD
123913,SABINE PASS ISD,123913,Sabine Pass ISD
123914,HAMSHIRE-FANNETT ISD,123914,Hamshire-Fannett ISD
124901,JIM HOGG COUNTY ISD,124901,Jim Hogg County ISD
125901,ALICE ISD,125901,Alice ISD
125902,BEN BOLT-PALITO BLANCO ISD,125902,Ben Bolt-Palito Blanco ISD
125903,ORANGE GROVE ISD,125903,Orange Grove ISD
125905,PREMONT ISD,125905,Premont ISD
125906,LA GLORIA ISD,125906,La Gloria ISD
126901,ALVARADO ISD,126901,Alvarado ISD
126902,BURLESON ISD,126902,Burleson ISD
126903,CLEBURNE ISD,126903,Cleburne ISD
126904,GRANDVIEW ISD,126904,Grandview ISD
126905,JOSHUA ISD,126905,Joshua ISD
126906,KEENE ISD,126906,Keene ISD
126907,RIO VISTA ISD,126907,Rio Vista ISD
126908,VENUS ISD,126908,Venus ISD
126911,GODLEY ISD,126911,Godley ISD
127901,ANSON ISD,127901,Anson ISD
127903,HAMLIN ISD,127903,Hamlin ISD
127904,HAWLEY ISD,127904,Hawley ISD
127905,LUEDERS-AVOCA ISD,127905,Lueders-Avoca ISD
127906,STAMFORD ISD,127906,Stamford ISD
128901,KARNES CITY ISD,128901,Karnes City ISD
128902,KENEDY ISD,128902,Kenedy ISD
128903,RUNGE ISD,128903,Runge ISD
128904,FALLS CITY ISD,128904,Falls City ISD
129901,CRANDALL ISD,129901,Crandall ISD
129902,FORNEY ISD,129902,Forney ISD
129903,KAUFMAN ISD,129903,Kaufman ISD
129904,KEMP ISD,129904,Kemp ISD
129905,MABANK ISD,129905,Mabank ISD
129906,TERRELL ISD,129906,Terrell ISD
129910,SCURRY-ROSSER ISD,129910,Scurry-Rosser ISD
130801,MEADOWLAND CHARTER SCHOOL,130801,Meadowland Charter School (C)
130901,BOERNE ISD,130901,Boerne ISD
130902,COMFORT ISD,130902,Comfort ISD
131001,KENEDY COUNTY WIDE CSD,131001,Kenedy County Wide CSD
132902,JAYTON-GIRARD ISD,132902,Jayton-Girard ISD
133901,CENTER POINT ISD,133901,Center Point ISD
133902,HUNT ISD,133902,Hunt ISD
133903,KERRVILLE ISD,133903,Kerrville ISD
133904,INGRAM ISD,133904,Ingram ISD
133905,DIVIDE ISD,133905,Divide ISD
134901,JUNCTION ISD,134901,Junction ISD
135001,GUTHRIE CSD,135001,Guthrie CSD
136901,BRACKETT ISD,136901,Brackett ISD
137901,KINGSVILLE ISD,137901,Kingsville ISD
137902,RICARDO ISD,137902,Ricardo ISD
137903,RIVIERA ISD,137903,Riviera ISD
137904,SANTA GERTRUDIS ISD,137904,Santa Gertrudis ISD
138902,KNOX CITY-O'BRIEN CISD,138902,Knox City-O'Brien CISD
138903,MUNDAY CISD,138903,Munday CISD
138904,BENJAMIN ISD,138904,Benjamin ISD
139905,CHISUM ISD,139905,Chisum ISD
139908,ROXTON ISD,139908,Roxton ISD
139909,PARIS ISD,139909,Paris ISD
139911,NORTH LAMAR ISD,139911,North Lamar ISD
139912,PRAIRILAND ISD,139912,Prairiland ISD
140901,AMHERST ISD,140901,Amherst ISD
140904,LITTLEFIELD ISD,140904,Littlefield ISD
140905,OLTON ISD,140905,Olton ISD
140907,SPRINGLAKE-EARTH ISD,140907,Springlake-Earth ISD
140908,SUDAN ISD,140908,Sudan ISD
141901,LAMPASAS ISD,141901,Lampasas ISD
141902,LOMETA ISD,141902,Lometa ISD
142901,COTULLA ISD,142901,Cotulla ISD
143901,HALLETTSVILLE ISD,143901,Hallettsville ISD
143902,MOULTON ISD,143902,Moulton ISD
143903,SHINER ISD,143903,Shiner ISD
143904,VYSEHRAD ISD,143904,Vysehrad ISD
143905,SWEET HOME ISD,143905,Sweet Home ISD
143906,EZZELL ISD,143906,Ezzell ISD
144901,GIDDINGS ISD,144901,Giddings ISD
144902,LEXINGTON ISD,144902,Lexington ISD
144903,DIME BOX ISD,144903,Dime Box ISD
145901,BUFFALO ISD,145901,Buffalo ISD
145902,CENTERVILLE ISD,145902,Centerville ISD
145906,NORMANGEE ISD,145906,Normangee ISD
145907,OAKWOOD ISD,145907,Oakwood ISD
145911,LEON ISD,145911,Leon ISD
146901,CLEVELAND ISD,146901,Cleveland ISD
146902,DAYTON ISD,146902,Dayton ISD
146903,DEVERS ISD,146903,Devers ISD
146904,HARDIN ISD,146904,Hardin ISD
146905,HULL-DAISETTA ISD,146905,Hull-Daisetta ISD
146906,LIBERTY ISD,146906,Liberty ISD
146907,TARKINGTON ISD,146907,Tarkington ISD
147901,COOLIDGE ISD,147901,Coolidge ISD
147902,GROESBECK ISD,147902,Groesbeck ISD
147903,MEXIA ISD,147903,Mexia ISD
148901,BOOKER ISD,148901,Booker ISD
148902,FOLLETT ISD,148902,Follett ISD
148903,HIGGINS ISD,148903,Higgins ISD
148905,DARROUZETT ISD,148905,Darrouzett ISD
149901,GEORGE WEST ISD,149901,George West ISD
149902,THREE RIVERS ISD,149902,Three Rivers ISD
150901,LLANO ISD,150901,Llano ISD
152802,RISE ACADEMY,152802,Rise Academy (C)
152803,SOUTH PLAINS ACADEMY CHARTER DISTR,152803,South Plains (C)
152805,HARMONY SCIENCE ACAD (LUBBOCK),152805,Harmony Science Academy (Lubbock) (C)
152901,LUBBOCK ISD,152901,Lubbock ISD
152902,NEW DEAL ISD,152902,New Deal ISD
152903,SLATON ISD,152903,Slaton ISD
152906,LUBBOCK-COOPER ISD,152906,Lubbock-Cooper ISD
152907,FRENSHIP ISD,152907,Frenship ISD
152908,ROOSEVELT ISD,152908,Roosevelt ISD
152909,SHALLOWATER ISD,152909,Shallowater ISD
152910,IDALOU ISD,152910,Idalou ISD
153903,O'DONNELL ISD,153903,O'Donnell ISD
153904,TAHOKA ISD,153904,Tahoka ISD
153905,NEW HOME ISD,153905,New Home ISD
153907,WILSON ISD,153907,Wilson ISD
154901,MADISONVILLE CISD,154901,Madisonville CISD
154903,NORTH ZULCH ISD,154903,North Zulch ISD
155901,JEFFERSON ISD,155901,Jefferson ISD
156902,STANTON ISD,156902,Stanton ISD
156905,GRADY ISD,156905,Grady ISD
157901,MASON ISD,157901,Mason ISD
158901,BAY CITY ISD,158901,Bay City ISD
158902,TIDEHAVEN ISD,158902,Tidehaven ISD
158904,MATAGORDA ISD,158904,Matagorda ISD
158905,PALACIOS ISD,158905,Palacios ISD
158906,VAN VLECK ISD,158906,Van Vleck ISD
159901,EAGLE PASS ISD,159901,Eagle Pass ISD
160901,BRADY ISD,160901,Brady ISD
160904,ROCHELLE ISD,160904,Rochelle ISD
160905,LOHN ISD,160905,Lohn ISD
161801,WACO CHARTER SCHOOL,161801,Waco Charter School (C)
161802,RAPOPORT ACADEMY PUBLIC SCHOOL,161802,Rapoport Academy Public School (C)
161807,HARMONY SCIENCE ACAD (WACO),161807,Harmony Science Academy (Waco) (C)
161901,CRAWFORD ISD,161901,Crawford ISD
161903,MIDWAY ISD,161903,Midway ISD
161906,LA VEGA ISD,161906,La Vega ISD
161907,LORENA ISD,161907,Lorena ISD
161908,MART ISD,161908,Mart ISD
161909,MCGREGOR ISD,161909,McGregor ISD
161910,MOODY ISD,161910,Moody ISD
161912,RIESEL ISD,161912,Riesel ISD
161914,WACO ISD,161914,Waco ISD
161916,WEST ISD,161916,West ISD
161918,AXTELL ISD,161918,Axtell ISD
161919,BRUCEVILLE-EDDY ISD,161919,Bruceville-Eddy ISD
161920,CHINA SPRING ISD,161920,China Spring ISD
161921,CONNALLY ISD,161921,Connally ISD
161922,ROBINSON ISD,161922,Robinson ISD
161923,BOSQUEVILLE ISD,161923,Bosqueville ISD
161924,HALLSBURG ISD,161924,Hallsburg ISD
161925,GHOLSON ISD,161925,Gholson ISD
162904,MCMULLEN COUNTY ISD,162904,McMullen County ISD
163901,DEVINE ISD,163901,Devine ISD
163902,D'HANIS ISD,163902,D'Hanis ISD
163903,NATALIA ISD,163903,Natalia ISD
163904,HONDO ISD,163904,Hondo ISD
163908,MEDINA VALLEY ISD,163908,Medina Valley ISD
164901,MENARD ISD,164901,Menard ISD
165802,MIDLAND ACADEMY CHARTER SCHOOL,165802,Midland Academy Charter School (C)
165901,MIDLAND ISD,165901,Midland ISD
165902,GREENWOOD ISD,165902,Greenwood ISD
166901,CAMERON ISD,166901,Cameron ISD
166902,GAUSE ISD,166902,Gause ISD
166903,MILANO ISD,166903,Milano ISD
166904,ROCKDALE ISD,166904,Rockdale ISD
166905,THORNDALE ISD,166905,Thorndale ISD
166907,BUCKHOLTS ISD,166907,Buckholts ISD
167901,GOLDTHWAITE ISD,167901,Goldthwaite ISD
167902,MULLIN ISD,167902,Mullin ISD
167903,STAR ISD,167903,Star ISD
167904,PRIDDY ISD,167904,Priddy ISD
168901,COLORADO ISD,168901,Colorado ISD
168902,LORAINE ISD,168902,Loraine ISD
168903,WESTBROOK ISD,168903,Westbrook ISD
169901,BOWIE ISD,169901,Bowie ISD
169902,NOCONA ISD,169902,Nocona ISD
169906,GOLD BURG ISD,169906,Gold Burg ISD
169908,MONTAGUE ISD,169908,Montague ISD
169909,PRAIRIE VALLEY ISD,169909,Prairie Valley ISD
169910,FORESTBURG ISD,169910,Forestburg ISD
169911,SAINT JO ISD,169911,Saint Jo ISD
170801,TEXAS SERENITY ACADEMY,170801,Texas Serenity Academy (C)
170902,CONROE ISD,170902,Conroe ISD
170903,MONTGOMERY ISD,170903,Montgomery ISD
170904,WILLIS ISD,170904,Willis ISD
170906,MAGNOLIA ISD,170906,Magnolia ISD
170907,SPLENDORA ISD,170907,Splendora ISD
170908,NEW CANEY ISD,170908,New Caney ISD
171901,DUMAS ISD,171901,Dumas ISD
171902,SUNRAY ISD,171902,Sunray ISD
172902,DAINGERFIELD-LONE STAR ISD,172902,Daingerfield-Lone Star ISD
172905,PEWITT CISD,172905,Pewitt CISD
173901,MOTLEY COUNTY ISD,173901,Motley County ISD
174801,STEPHEN F AUSTIN STATE UNIVERSITY,174801,Stephen F Austin State University Charter School (C)
174901,CHIRENO ISD,174901,Chireno ISD
174902,CUSHING ISD,174902,Cushing ISD
174903,GARRISON ISD,174903,Garrison ISD
174904,NACOGDOCHES ISD,174904,Nacogdoches ISD
174906,WODEN ISD,174906,Woden ISD
174908,CENTRAL HEIGHTS ISD,174908,Central Heights ISD
174909,MARTINSVILLE ISD,174909,Martinsville ISD
174910,ETOILE ISD,174910,Etoile ISD
174911,DOUGLASS ISD,174911,Douglass ISD
175902,BLOOMING GROVE ISD,175902,Blooming Grove ISD
175903,CORSICANA ISD,175903,Corsicana ISD
175904,DAWSON ISD,175904,Dawson ISD
175905,FROST ISD,175905,Frost ISD
175907,KERENS ISD,175907,Kerens ISD
175910,MILDRED ISD,175910,Mildred ISD
175911,RICE ISD,175911,Rice ISD
176901,BURKEVILLE ISD,176901,Burkeville ISD
176902,NEWTON ISD,176902,Newton ISD
176903,DEWEYVILLE ISD,176903,Deweyville ISD
177901,ROSCOE COLLEGIATE ISD,177901,Roscoe ISD
177902,SWEETWATER ISD,177902,Sweetwater ISD
177903,BLACKWELL CISD,177903,Blackwell CISD
177905,HIGHLAND ISD,177905,Highland ISD
178801,DR M L GARZA-GONZALEZ CHARTER SCHO,178801,Dr ML Garza-Gonzalez Charter School (C)
178804,RICHARD MILBURN ALTER HIGH SCHOOL,178804,Richard Milburn Alternative High School (C)
178807,CORPUS CHRISTI MONTESSORI SCHOOL,178807,Corpus Christi Montessori School (C)
178808,SEASHORE CHARTER SCHOOLS,178808,Seashore Middle Academy (C)
178901,AGUA DULCE ISD,178901,Agua Dulce ISD
178902,BISHOP CISD,178902,Bishop CISD
178903,CALALLEN ISD,178903,Calallen ISD
178904,CORPUS CHRISTI ISD,178904,Corpus Christi ISD
178905,DRISCOLL ISD,178905,Driscoll ISD
178906,LONDON ISD,178906,London ISD
178908,PORT ARANSAS ISD,178908,Port Aransas ISD
178909,ROBSTOWN ISD,178909,Robstown ISD
178912,TULOSO-MIDWAY ISD,178912,Tuloso-Midway ISD
178913,BANQUETE ISD,178913,Banquete ISD
178914,FLOUR BLUFF ISD,178914,Flour Bluff ISD
178915,WEST OSO ISD,178915,West Oso ISD
179901,PERRYTON ISD,179901,Perryton ISD
180901,BOYS RANCH ISD,180901,Boys Ranch ISD
180902,VEGA ISD,180902,Vega ISD
180903,ADRIAN ISD,180903,Adrian ISD
180904,WILDORADO ISD,180904,Wildorado ISD
181901,BRIDGE CITY ISD,181901,Bridge City ISD
181905,ORANGEFIELD ISD,181905,Orangefield ISD
181906,WEST ORANGE-COVE CISD,181906,West Orange-Cove CISD
181907,VIDOR ISD,181907,Vidor ISD
181908,LITTLE CYPRESS-MAURICEVILLE CISD,181908,Little Cypress-Mauriceville CISD
182901,GORDON ISD,182901,Gordon ISD
182902,GRAFORD ISD,182902,Graford ISD
182903,MINERAL WELLS ISD,182903,Mineral Wells ISD
182904,SANTO ISD,182904,Santo ISD
182905,STRAWN ISD,182905,Strawn ISD
182906,PALO PINTO ISD,182906,Palo Pinto ISD
183801,PANOLA CHARTER SCHOOL,183801,Panola Charter School (C)
183901,BECKVILLE ISD,183901,Beckville ISD
183902,CARTHAGE ISD,183902,Carthage ISD
183904,GARY ISD,183904,Gary ISD
184801,CROSSTIMBERS ACADEMY,184801,Crosstimbers Academy (C)
184901,POOLVILLE ISD,184901,Poolville ISD
184902,SPRINGTOWN ISD,184902,Springtown ISD
184903,WEATHERFORD ISD,184903,Weatherford ISD
184904,MILLSAP ISD,184904,Millsap ISD
184907,ALEDO ISD,184907,Aledo ISD
184908,PEASTER ISD,184908,Peaster ISD
184909,BROCK ISD,184909,Brock ISD
184911,GARNER ISD,184911,Garner ISD
185901,BOVINA ISD,185901,Bovina ISD
185902,FARWELL ISD,185902,Farwell ISD
185903,FRIONA ISD,185903,Friona ISD
185904,LAZBUDDIE ISD,185904,Lazbuddie ISD
186901,BUENA VISTA ISD,186901,Buena Vista ISD
186902,FORT STOCKTON ISD,186902,Fort Stockton ISD
186903,IRAAN-SHEFFIELD ISD,186903,Iraan-Sheffield ISD
187901,BIG SANDY ISD,187901,Big Sandy ISD
187903,GOODRICH ISD,187903,Goodrich ISD
187904,CORRIGAN-CAMDEN ISD,187904,Corrigan-Camden ISD
187906,LEGGETT ISD,187906,Leggett ISD
187907,LIVINGSTON ISD,187907,Livingston ISD
187910,ONALASKA ISD,187910,Onalaska ISD
188801,RICHARD MILBURN ACADEMY (AMARILLO),188801,Richard Milburn Academy (Amarillo) (C)
188901,AMARILLO ISD,188901,Amarillo ISD
188902,RIVER ROAD ISD,188902,River Road ISD
188903,HIGHLAND PARK ISD,188903,Highland Park ISD
188904,BUSHLAND ISD,188904,Bushland ISD
189901,MARFA ISD,189901,Marfa ISD
189902,PRESIDIO ISD,189902,Presidio ISD
190903,RAINS ISD,190903,Rains ISD
191901,CANYON ISD,191901,Canyon ISD
192901,REAGAN COUNTY ISD,192901,Reagan County ISD
193801,BIG SPRINGS CHARTER SCHOOL,193801,Big Springs Charter School (C)
193902,LEAKEY ISD,193902,Leakey ISD
194902,AVERY ISD,194902,Avery ISD
194903,RIVERCREST ISD,194903,Rivercrest ISD
194904,CLARKSVILLE ISD,194904,Clarksville ISD
194905,DETROIT ISD,194905,Detroit ISD
195901,PECOS-BARSTOW-TOYAH ISD,195901,Pecos-Barstow-Toyah ISD
195902,BALMORHEA ISD,195902,Balmorhea ISD
196901,AUSTWELL-TIVOLI ISD,196901,Austwell-Tivoli ISD
196902,WOODSBORO ISD,196902,Woodsboro ISD
196903,REFUGIO ISD,196903,Refugio ISD
197902,MIAMI ISD,197902,Miami ISD
198901,BREMOND ISD,198901,Bremond ISD
198902,CALVERT ISD,198902,Calvert ISD
198903,FRANKLIN ISD,198903,Franklin ISD
198905,HEARNE ISD,198905,Hearne ISD
198906,MUMFORD ISD,198906,Mumford ISD
199901,ROCKWALL ISD,199901,Rockwall ISD
199902,ROYSE CITY ISD,199902,Royse City ISD
200901,BALLINGER ISD,200901,Ballinger ISD
200902,MILES ISD,200902,Miles ISD
200904,WINTERS ISD,200904,Winters ISD
200906,OLFEN ISD,200906,Olfen ISD
201902,HENDERSON ISD,201902,Henderson ISD
201903,LANEVILLE ISD,201903,Laneville ISD
201904,LEVERETTS CHAPEL ISD,201904,Leveretts Chapel ISD
201907,MOUNT ENTERPRISE ISD,201907,Mount Enterprise ISD
201908,OVERTON ISD,201908,Overton ISD
201910,TATUM ISD,201910,Tatum ISD
201913,CARLISLE ISD,201913,Carlisle ISD
201914,WEST RUSK COUNTY CONSOLIDATED ISD,201914,West Rusk ISD
202903,HEMPHILL ISD,202903,Hemphill ISD
202905,WEST SABINE ISD,202905,West Sabine ISD
203901,SAN AUGUSTINE ISD,203901,San Augustine ISD
203902,BROADDUS ISD,203902,Broaddus ISD
204901,COLDSPRING-OAKHURST CISD,204901,Coldspring-Oakhurst CISD
204904,SHEPHERD ISD,204904,Shepherd ISD
205901,ARANSAS PASS ISD,205901,Aransas Pass ISD
205902,GREGORY-PORTLAND ISD,205902,Gregory-Portland ISD
205903,INGLESIDE ISD,205903,Ingleside ISD
205904,MATHIS ISD,205904,Mathis ISD
205905,ODEM-EDROY ISD,205905,Odem-Edroy ISD
205906,SINTON ISD,205906,Sinton ISD
205907,TAFT ISD,205907,Taft ISD
206901,SAN SABA ISD,206901,San Saba ISD
206902,RICHLAND SPRINGS ISD,206902,Richland Springs ISD
206903,CHEROKEE ISD,206903,Cherokee ISD
207901,SCHLEICHER ISD,207901,Schleicher ISD
208901,HERMLEIGH ISD,208901,Hermleigh ISD
208902,SNYDER ISD,208902,Snyder ISD
208903,IRA ISD,208903,Ira ISD
209901,ALBANY ISD,209901,Albany ISD
209902,MORAN ISD,209902,Moran ISD
210901,CENTER ISD,210901,Center ISD
210902,JOAQUIN ISD,210902,Joaquin ISD
210903,SHELBYVILLE ISD,210903,Shelbyville ISD
210904,TENAHA ISD,210904,Tenaha ISD
210905,TIMPSON ISD,210905,Timpson ISD
210906,EXCELSIOR ISD,210906,Excelsior ISD
211901,TEXHOMA ISD,211901,Texhoma ISD
211902,STRATFORD ISD,211902,Stratford ISD
212801,CUMBERLAND ACADEMY,212801,Cumberland Academy (C)
212803,AZLEWAY CHARTER SCHOOL,212803,Azleway Charter School (C)
212804,UT TYLER INNOVATION ACADEMY,212804,Ut Tyler Innovation Academy
212901,ARP ISD,212901,Arp ISD
212902,BULLARD ISD,212902,Bullard ISD
212903,LINDALE ISD,212903,Lindale ISD
212904,TROUP ISD,212904,Troup ISD
212905,TYLER ISD,212905,Tyler ISD
212906,WHITEHOUSE ISD,212906,Whitehouse ISD
212909,CHAPEL HILL ISD,212909,Chapel Hill ISD
212910,WINONA ISD,212910,Winona ISD
213801,BRAZOS RIVER CHARTER SCHOOL,213801,Brazos River Charter School (C)
213901,GLEN ROSE ISD,213901,Glen Rose ISD
214901,RIO GRANDE CITY CISD,214901,Rio Grande City CISD
214902,SAN ISIDRO ISD,214902,San Isidro ISD
214903,ROMA ISD,214903,Roma ISD
215901,BRECKENRIDGE ISD,215901,Breckenridge ISD
216901,STERLING CITY ISD,216901,Sterling City ISD
217901,ASPERMONT ISD,217901,Aspermont ISD
218901,SONORA ISD,218901,Sonora ISD
219901,HAPPY ISD,219901,Happy ISD
219903,TULIA ISD,219903,Tulia ISD
219905,KRESS ISD,219905,Kress ISD
220801,TREETOPS SCHOOL INTERNATIONAL,220801,Treetops School International (C)
220802,ARLINGTON CLASSICS ACADEMY,220802,Arlington Classics Academy (C)
220809,FORT WORTH ACADEMY OF FINE ARTS,220809,Fort Worth Academy Of Fine Arts (C)
220810,WESTLAKE ACADEMY CHARTER SCHOOL,220810,Westlake Academy Charter School (C)
220811,EAST FORT WORTH MONTESSORI ACADEMY,220811,East Fort Worth Montessori Academy (C)
220812,RICHARD MILBURN ACADEMY (FORT WORT,220812,Richard Milburn Academy (Fort Worth) (C)
220813,HARMONY SCIENCE ACAD (FORT WORTH),220813,Harmony Science Academy (Fort Worth) (C)
220814,TEXAS SCHOOL OF THE ARTS,220814,Texas Elementary School Of The Arts (C)
220815,CHAPEL HILL ACADEMY,220815,Chapel Hill Academy (C)
220816,UPLIFT EDUCATION-SUMMIT INTERNATIO,220816,Summit International Preparatory (C)
220817,NEWMAN INTERNATIONAL ACADEMY OF AR,220817,Newman International Academy Of Arlington
220818,PRIME PREP ACADEMY,220818,Prime Prep Academy
220901,ARLINGTON ISD,220901,Arlington ISD
220902,BIRDVILLE ISD,220902,Birdville ISD
220904,EVERMAN ISD,220904,Everman ISD
220905,FORT WORTH ISD,220905,Fort Worth ISD
220906,GRAPEVINE-COLLEYVILLE ISD,220906,Grapevine-Colleyville ISD
220907,KELLER ISD,220907,Keller ISD
220908,MANSFIELD ISD,220908,Mansfield ISD
220910,LAKE WORTH ISD,220910,Lake Worth ISD
220912,CROWLEY ISD,220912,Crowley ISD
220914,KENNEDALE ISD,220914,Kennedale ISD
220915,AZLE ISD,220915,Azle ISD
220916,HURST-EULESS-BEDFORD ISD,220916,Hurst-Euless-Bedford ISD
220917,CASTLEBERRY ISD,220917,Castleberry ISD
220918,EAGLE MT-SAGINAW ISD,220918,Eagle Mt-Saginaw ISD
220919,CARROLL ISD,220919,Carroll ISD
220920,WHITE SETTLEMENT ISD,220920,White Settlement ISD
221801,TEXAS COLLEGE PREPARATORY ACADEMIE,221801,Responsive Education Solutions (C)
221901,ABILENE ISD,221901,Abilene ISD
221904,MERKEL ISD,221904,Merkel ISD
221905,TRENT ISD,221905,Trent ISD
221911,JIM NED CISD,221911,Jim Ned CISD
221912,WYLIE ISD,221912,Wylie ISD
222901,TERRELL COUNTY ISD,222901,Terrell County ISD
223901,BROWNFIELD ISD,223901,Brownfield ISD
223902,MEADOW ISD,223902,Meadow ISD
223904,WELLMAN-UNION CISD,223904,Wellman-Union CISD
224901,THROCKMORTON ISD,224901,Throckmorton ISD
224902,WOODSON ISD,224902,Woodson ISD
225902,MOUNT PLEASANT ISD,225902,Mount Pleasant ISD
225905,WINFIELD ISD,225905,Winfield ISD
225906,CHAPEL HILL ISD,225906,Chapel Hill ISD
225907,HARTS BLUFF ISD,225907,Harts Bluff ISD
226801,TEXAS LEADERSHIP,226801,Texas Leadership Charter Academy (C)
226901,CHRISTOVAL ISD,226901,Christoval ISD
226903,SAN ANGELO ISD,226903,San Angelo ISD
226905,WATER VALLEY ISD,226905,Water Valley ISD
226906,WALL ISD,226906,Wall ISD
226907,GRAPE CREEK ISD,226907,Grape Creek ISD
226908,VERIBEST ISD,226908,Veribest ISD
227801,AMERICAN YOUTHWORKS CHARTER SCHOOL,227801,American Youthworks Charter School (C)
227803,WAYSIDE SCHOOLS,227803,Eden Park Academy (C)
227804,NYOS CHARTER SCHOOL,227804,Nyos Charter School (C)
227805,TEXAS EMPOWERMENT ACADEMY,227805,Texas Empowerment Academy (C)
227806,UNIVERSITY OF TEXAS UNIVERSITY CHA,227806,University Of Texas University Charter School (C)
227814,CHAPARRAL STAR ACADEMY,227814,Star Charter School (C)
227816,HARMONY SCIENCE ACADEMY (AUSTIN),227816,Harmony Science Academy (Austin) (C)
227817,CEDARS INTERNATIONAL ACADEMY,227817,Cedars International Academy (C)
227819,UNIVERSITY OF TEXAS ELEMENTARY CHA,227819,University Of Texas Elementary Charter School (C)
227820,KIPP AUSTIN PUBLIC SCHOOLS INC,227820,KIPP Austin Public Schools Inc (C)
227821,AUSTIN DISCOVERY SCHOOL,227821,Austin Discovery School (C)
227824,THE EAST AUSTIN COLLEGE PREP ACADE,227824,The East Austin College Prep Academy (C)
227825,AUSTIN ACHIEVE PUBLIC SCHOOLS,227825,Austin Achieve Public Schools
227901,AUSTIN ISD,227901,Austin ISD
227904,PFLUGERVILLE ISD,227904,Pflugerville ISD
227907,MANOR ISD,227907,Manor ISD
227909,EANES ISD,227909,Eanes ISD
227910,DEL VALLE ISD,227910,Del Valle ISD
227912,LAGO VISTA ISD,227912,Lago Vista ISD
227913,LAKE TRAVIS ISD,227913,Lake Travis ISD
228901,GROVETON ISD,228901,Groveton ISD
228903,TRINITY ISD,228903,Trinity ISD
228904,CENTERVILLE ISD,228904,Centerville ISD
228905,APPLE SPRINGS ISD,228905,Apple Springs ISD
229901,COLMESNEIL ISD,229901,Colmesneil ISD
229903,WOODVILLE ISD,229903,Woodville ISD
229904,WARREN ISD,229904,Warren ISD
229905,SPURGER ISD,229905,Spurger ISD
229906,CHESTER ISD,229906,Chester ISD
230901,BIG SANDY ISD,230901,Big Sandy ISD
230902,GILMER ISD,230902,Gilmer ISD
230903,ORE CITY ISD,230903,Ore City ISD
230904,UNION HILL ISD,230904,Union Hill ISD
230905,HARMONY ISD,230905,Harmony ISD
230906,NEW DIANA ISD,230906,New Diana ISD
230908,UNION GROVE ISD,230908,Union Grove ISD
231901,MCCAMEY ISD,231901,McCamey ISD
231902,RANKIN ISD,231902,Rankin ISD
232901,KNIPPA ISD,232901,Knippa ISD
232902,SABINAL ISD,232902,Sabinal ISD
232903,UVALDE CISD,232903,Uvalde CISD
232904,UTOPIA ISD,232904,Utopia ISD
233901,SAN FELIPE-DEL RIO CISD,233901,San Felipe-Del Rio CISD
233903,COMSTOCK ISD,233903,Comstock ISD
234801,RANCH ACADEMY,234801,Ranch Academy (C)
234902,CANTON ISD,234902,Canton ISD
234903,EDGEWOOD ISD,234903,Edgewood ISD
234904,GRAND SALINE ISD,234904,Grand Saline ISD
234905,MARTINS MILL ISD,234905,Martins Mill ISD
234906,VAN ISD,234906,Van ISD
234907,WILLS POINT ISD,234907,Wills Point ISD
234909,FRUITVALE ISD,234909,Fruitvale ISD
235901,BLOOMINGTON ISD,235901,Bloomington ISD
235902,VICTORIA ISD,235902,Victoria ISD
235904,NURSERY ISD,235904,Nursery ISD
236801,RAVEN SCHOOL,236801,Raven School (C)
236901,NEW WAVERLY ISD,236901,New Waverly ISD
236902,HUNTSVILLE ISD,236902,Huntsville ISD
237902,HEMPSTEAD ISD,237902,Hempstead ISD
237904,WALLER ISD,237904,Waller ISD
237905,ROYAL ISD,237905,Royal ISD
238902,MONAHANS-WICKETT-PYOTE ISD,238902,Monahans-Wickett-Pyote ISD
238904,GRANDFALLS-ROYALTY ISD,238904,Grandfalls-Royalty ISD
239901,BRENHAM ISD,239901,Brenham ISD
239903,BURTON ISD,239903,Burton ISD
240801,GATEWAY ACADEMY CHARTER DISTRICT,240801,Gateway (Student Alternative Program Inc) (C)
240901,LAREDO ISD,240901,Laredo ISD
240903,UNITED ISD,240903,United ISD
240904,WEBB CISD,240904,Webb CISD
241901,BOLING ISD,241901,Boling ISD
241902,EAST BERNARD ISD,241902,East Bernard ISD
241903,EL CAMPO ISD,241903,El Campo ISD
241904,WHARTON ISD,241904,Wharton ISD
241906,LOUISE ISD,241906,Louise ISD
242902,SHAMROCK ISD,242902,Shamrock ISD
242903,WHEELER ISD,242903,Wheeler ISD
242905,KELTON ISD,242905,Kelton ISD
242906,FORT ELLIOTT CISD,242906,Fort Elliott CISD
243801,BRIGHT IDEAS CHARTER,243801,Bright Ideas Charter (C)
243901,BURKBURNETT ISD,243901,Burkburnett ISD
243902,ELECTRA ISD,243902,Electra ISD
243903,IOWA PARK CISD,243903,Iowa Park CISD
243905,WICHITA FALLS ISD,243905,Wichita Falls ISD
243906,CITY VIEW ISD,243906,City View ISD
244901,HARROLD ISD,244901,Harrold ISD
244903,VERNON ISD,244903,Vernon ISD
244905,NORTHSIDE ISD,244905,Northside ISD
245901,LASARA ISD,245901,Lasara ISD
245902,LYFORD CISD,245902,Lyford CISD
245903,RAYMONDVILLE ISD,245903,Raymondville ISD
245904,SAN PERLITA ISD,245904,San Perlita ISD
246801,MERIDIAN WORLD SCHOOL LLC,246801,Meridian School
246902,FLORENCE ISD,246902,Florence ISD
246904,GEORGETOWN ISD,246904,Georgetown ISD
246905,GRANGER ISD,246905,Granger ISD
246906,HUTTO ISD,246906,Hutto ISD
246907,JARRELL ISD,246907,Jarrell ISD
246908,LIBERTY HILL ISD,246908,Liberty Hill ISD
246909,ROUND ROCK ISD,246909,Round Rock ISD
246911,TAYLOR ISD,246911,Taylor ISD
246912,THRALL ISD,246912,Thrall ISD
246913,LEANDER ISD,246913,Leander ISD
246914,COUPLAND ISD,246914,Coupland ISD
247901,FLORESVILLE ISD,247901,Floresville ISD
247903,LA VERNIA ISD,247903,La Vernia ISD
247904,POTH ISD,247904,Poth ISD
247906,STOCKDALE ISD,247906,Stockdale ISD
248901,KERMIT ISD,248901,Kermit ISD
248902,WINK-LOVING ISD,248902,Wink-Loving ISD
249901,ALVORD ISD,249901,Alvord ISD
249902,BOYD ISD,249902,Boyd ISD
249903,BRIDGEPORT ISD,249903,Bridgeport ISD
249904,CHICO ISD,249904,Chico ISD
249905,DECATUR ISD,249905,Decatur ISD
249906,PARADISE ISD,249906,Paradise ISD
249908,SLIDELL ISD,249908,Slidell ISD
250902,HAWKINS ISD,250902,Hawkins ISD
250903,MINEOLA ISD,250903,Mineola ISD
250904,QUITMAN ISD,250904,Quitman ISD
250905,YANTIS ISD,250905,Yantis ISD
250906,ALBA-GOLDEN ISD,250906,Alba-Golden ISD
250907,WINNSBORO ISD,250907,Winnsboro ISD
251901,DENVER CITY ISD,251901,Denver City ISD
251902,PLAINS ISD,251902,Plains ISD
252901,GRAHAM ISD,252901,Graham ISD
252902,NEWCASTLE ISD,252902,Newcastle ISD
252903,OLNEY ISD,252903,Olney ISD
253901,ZAPATA COUNTY ISD,253901,Zapata County ISD
254901,CRYSTAL CITY ISD,254901,Crystal City ISD
254902,LA PRYOR ISD,254902,La Pryor ISD
